Profit Percentage,Month
166.06114583333328,January
157.01971726190473,February
240.532019345238,March
180.87105238095242,April
358.404970238095,May
361.0253714285715,June
167.69249999999997,July
134.6831071428571,August
107.12854761904764,September
166.18791071428578,October
190.2847976190477,November
208.17614880952368,December
